date,series_id,value,realtime_start,realtime_end
1947-01-01,CPIMEDSL,13.2,2025-09-11,2025-09-11
1947-02-01,CPIMEDSL,13.3,2025-09-11,2025-09-11
1947-03-01,CPIMEDSL,13.3,2025-09-11,2025-09-11
1947-04-01,CPIMEDSL,13.4,2025-09-11,2025-09-11
1947-05-01,CPIMEDSL,13.5,2025-09-11,2025-09-11
1947-06-01,CPIMEDSL,13.5,2025-09-11,2025-09-11
1947-07-01,CPIMEDSL,13.5,2025-09-11,2025-09-11
1947-08-01,CPIMEDSL,13.6,2025-09-11,2025-09-11
1947-09-01,CPIMEDSL,13.7,2025-09-11,2025-09-11
1947-10-01,CPIMEDSL,13.8,2025-09-11,2025-09-11
1947-11-01,CPIMEDSL,13.8,2025-09-11,2025-09-11
1947-12-01,CPIMEDSL,13.9,2025-09-11,2025-09-11
1948-01-01,CPIMEDSL,14,2025-09-11,2025-09-11
1948-02-01,CPIMEDSL,14,2025-09-11,2025-09-11
1948-03-01,CPIMEDSL,14.1,2025-09-11,2025-09-11
1948-04-01,CPIMEDSL,14.3,2025-09-11,2025-09-11
1948-05-01,CPIMEDSL,14.3,2025-09-11,2025-09-11
1948-06-01,CPIMEDSL,14.4,2025-09-11,2025-09-11
1948-07-01,CPIMEDSL,14.5,2025-09-11,2025-09-11
1948-08-01,CPIMEDSL,14.6,2025-09-11,2025-09-11
1948-09-01,CPIMEDSL,14.5,2025-09-11,2025-09-11
1948-10-01,CPIMEDSL,14.6,2025-09-11,2025-09-11
1948-11-01,CPIMEDSL,14.7,2025-09-11,2025-09-11
1948-12-01,CPIMEDSL,14.7,2025-09-11,2025-09-11
1949-01-01,CPIMEDSL,14.7,2025-09-11,2025-09-11
1949-02-01,CPIMEDSL,14.8,2025-09-11,2025-09-11
1949-03-01,CPIMEDSL,14.8,2025-09-11,2025-09-11
1949-04-01,CPIMEDSL,14.8,2025-09-11,2025-09-11
1949-05-01,CPIMEDSL,14.8,2025-09-11,2025-09-11
1949-06-01,CPIMEDSL,14.8,2025-09-11,2025-09-11
1949-07-01,CPIMEDSL,14.8,2025-09-11,2025-09-11
1949-08-01,CPIMEDSL,14.9,2025-09-11,2025-09-11
1949-09-01,CPIMEDSL,14.9,2025-09-11,2025-09-11
1949-10-01,CPIMEDSL,14.9,2025-09-11,2025-09-11
1949-11-01,CPIMEDSL,14.9,2025-09-11,2025-09-11
1949-12-01,CPIMEDSL,14.9,2025-09-11,2025-09-11
1950-01-01,CPIMEDSL,14.9,2025-09-11,2025-09-11
1950-02-01,CPIMEDSL,15,2025-09-11,2025-09-11
1950-03-01,CPIMEDSL,14.9,2025-09-11,2025-09-11
1950-04-01,CPIMEDSL,15,2025-09-11,2025-09-11
1950-05-01,CPIMEDSL,15,2025-09-11,2025-09-11
1950-06-01,CPIMEDSL,15,2025-09-11,2025-09-11
1950-07-01,CPIMEDSL,15.1,2025-09-11,2025-09-11
1950-08-01,CPIMEDSL,15.1,2025-09-11,2025-09-11
1950-09-01,CPIMEDSL,15.2,2025-09-11,2025-09-11
1950-10-01,CPIMEDSL,15.3,2025-09-11,2025-09-11
1950-11-01,CPIMEDSL,15.3,2025-09-11,2025-09-11
1950-12-01,CPIMEDSL,15.4,2025-09-11,2025-09-11
1951-01-01,CPIMEDSL,15.4,2025-09-11,2025-09-11
1951-02-01,CPIMEDSL,15.5,2025-09-11,2025-09-11
1951-03-01,CPIMEDSL,15.7,2025-09-11,2025-09-11
1951-04-01,CPIMEDSL,15.7,2025-09-11,2025-09-11
1951-05-01,CPIMEDSL,15.8,2025-09-11,2025-09-11
1951-06-01,CPIMEDSL,15.8,2025-09-11,2025-09-11
1951-07-01,CPIMEDSL,15.8,2025-09-11,2025-09-11
1951-08-01,CPIMEDSL,15.9,2025-09-11,2025-09-11
1951-09-01,CPIMEDSL,15.9,2025-09-11,2025-09-11
1951-10-01,CPIMEDSL,16,2025-09-11,2025-09-11
1951-11-01,CPIMEDSL,16.1,2025-09-11,2025-09-11
1951-12-01,CPIMEDSL,16.3,2025-09-11,2025-09-11
1952-01-01,CPIMEDSL,16.3,2025-09-11,2025-09-11
1952-02-01,CPIMEDSL,16.4,2025-09-11,2025-09-11
1952-03-01,CPIMEDSL,16.5,2025-09-11,2025-09-11
1952-04-01,CPIMEDSL,16.5,2025-09-11,2025-09-11
1952-05-01,CPIMEDSL,16.5,2025-09-11,2025-09-11
1952-06-01,CPIMEDSL,16.8,2025-09-11,2025-09-11
1952-07-01,CPIMEDSL,16.9,2025-09-11,2025-09-11
1952-08-01,CPIMEDSL,16.9,2025-09-11,2025-09-11
1952-09-01,CPIMEDSL,16.9,2025-09-11,2025-09-11
1952-10-01,CPIMEDSL,16.9,2025-09-11,2025-09-11
1952-11-01,CPIMEDSL,16.9,2025-09-11,2025-09-11
1952-12-01,CPIMEDSL,17,2025-09-11,2025-09-11
1953-01-01,CPIMEDSL,17,2025-09-11,2025-09-11
1953-02-01,CPIMEDSL,17,2025-09-11,2025-09-11
1953-03-01,CPIMEDSL,17,2025-09-11,2025-09-11
1953-04-01,CPIMEDSL,17.1,2025-09-11,2025-09-11
1953-05-01,CPIMEDSL,17.2,2025-09-11,2025-09-11
1953-06-01,CPIMEDSL,17.3,2025-09-11,2025-09-11
1953-07-01,CPIMEDSL,17.3,2025-09-11,2025-09-11
1953-08-01,CPIMEDSL,17.4,2025-09-11,2025-09-11
1953-09-01,CPIMEDSL,17.5,2025-09-11,2025-09-11
1953-10-01,CPIMEDSL,17.5,2025-09-11,2025-09-11
1953-11-01,CPIMEDSL,17.6,2025-09-11,2025-09-11
1953-12-01,CPIMEDSL,17.6,2025-09-11,2025-09-11
1954-01-01,CPIMEDSL,17.6,2025-09-11,2025-09-11
1954-02-01,CPIMEDSL,17.7,2025-09-11,2025-09-11
1954-03-01,CPIMEDSL,17.7,2025-09-11,2025-09-11
1954-04-01,CPIMEDSL,17.8,2025-09-11,2025-09-11
1954-05-01,CPIMEDSL,17.8,2025-09-11,2025-09-11
1954-06-01,CPIMEDSL,17.8,2025-09-11,2025-09-11
1954-07-01,CPIMEDSL,17.8,2025-09-11,2025-09-11
1954-08-01,CPIMEDSL,17.9,2025-09-11,2025-09-11
1954-09-01,CPIMEDSL,17.9,2025-09-11,2025-09-11
1954-10-01,CPIMEDSL,17.9,2025-09-11,2025-09-11
1954-11-01,CPIMEDSL,18,2025-09-11,2025-09-11
1954-12-01,CPIMEDSL,18,2025-09-11,2025-09-11
1955-01-01,CPIMEDSL,18,2025-09-11,2025-09-11
1955-02-01,CPIMEDSL,18.1,2025-09-11,2025-09-11
1955-03-01,CPIMEDSL,18.1,2025-09-11,2025-09-11
1955-04-01,CPIMEDSL,18.1,2025-09-11,2025-09-11
1955-05-01,CPIMEDSL,18.2,2025-09-11,2025-09-11
1955-06-01,CPIMEDSL,18.2,2025-09-11,2025-09-11
1955-07-01,CPIMEDSL,18.2,2025-09-11,2025-09-11
1955-08-01,CPIMEDSL,18.3,2025-09-11,2025-09-11
1955-09-01,CPIMEDSL,18.3,2025-09-11,2025-09-11
1955-10-01,CPIMEDSL,18.4,2025-09-11,2025-09-11
1955-11-01,CPIMEDSL,18.5,2025-09-11,2025-09-11
1955-12-01,CPIMEDSL,18.6,2025-09-11,2025-09-11
1956-01-01,CPIMEDSL,18.6,2025-09-11,2025-09-11
1956-02-01,CPIMEDSL,18.7,2025-09-11,2025-09-11
1956-03-01,CPIMEDSL,18.7,2025-09-11,2025-09-11
1956-04-01,CPIMEDSL,18.8,2025-09-11,2025-09-11
1956-05-01,CPIMEDSL,18.8,2025-09-11,2025-09-11
1956-06-01,CPIMEDSL,18.8,2025-09-11,2025-09-11
1956-07-01,CPIMEDSL,18.9,2025-09-11,2025-09-11
1956-08-01,CPIMEDSL,19,2025-09-11,2025-09-11
1956-09-01,CPIMEDSL,19.1,2025-09-11,2025-09-11
1956-10-01,CPIMEDSL,19.1,2025-09-11,2025-09-11
1956-11-01,CPIMEDSL,19.1,2025-09-11,2025-09-11
1956-12-01,CPIMEDSL,19.2,2025-09-11,2025-09-11
1957-01-01,CPIMEDSL,19.3,2025-09-11,2025-09-11
1957-02-01,CPIMEDSL,19.3,2025-09-11,2025-09-11
1957-03-01,CPIMEDSL,19.4,2025-09-11,2025-09-11
1957-04-01,CPIMEDSL,19.5,2025-09-11,2025-09-11
1957-05-01,CPIMEDSL,19.6,2025-09-11,2025-09-11
1957-06-01,CPIMEDSL,19.7,2025-09-11,2025-09-11
1957-07-01,CPIMEDSL,19.7,2025-09-11,2025-09-11
1957-08-01,CPIMEDSL,19.8,2025-09-11,2025-09-11
1957-09-01,CPIMEDSL,19.8,2025-09-11,2025-09-11
1957-10-01,CPIMEDSL,19.9,2025-09-11,2025-09-11
1957-11-01,CPIMEDSL,20,2025-09-11,2025-09-11
1957-12-01,CPIMEDSL,20.1,2025-09-11,2025-09-11
1958-01-01,CPIMEDSL,20.2,2025-09-11,2025-09-11
1958-02-01,CPIMEDSL,20.2,2025-09-11,2025-09-11
1958-03-01,CPIMEDSL,20.3,2025-09-11,2025-09-11
1958-04-01,CPIMEDSL,20.4,2025-09-11,2025-09-11
1958-05-01,CPIMEDSL,20.5,2025-09-11,2025-09-11
1958-06-01,CPIMEDSL,20.6,2025-09-11,2025-09-11
1958-07-01,CPIMEDSL,20.7,2025-09-11,2025-09-11
1958-08-01,CPIMEDSL,20.7,2025-09-11,2025-09-11
1958-09-01,CPIMEDSL,20.9,2025-09-11,2025-09-11
1958-10-01,CPIMEDSL,21,2025-09-11,2025-09-11
1958-11-01,CPIMEDSL,21,2025-09-11,2025-09-11
1958-12-01,CPIMEDSL,21.1,2025-09-11,2025-09-11
1959-01-01,CPIMEDSL,21.1,2025-09-11,2025-09-11
1959-02-01,CPIMEDSL,21.2,2025-09-11,2025-09-11
1959-03-01,CPIMEDSL,21.3,2025-09-11,2025-09-11
1959-04-01,CPIMEDSL,21.3,2025-09-11,2025-09-11
1959-05-01,CPIMEDSL,21.4,2025-09-11,2025-09-11
1959-06-01,CPIMEDSL,21.5,2025-09-11,2025-09-11
1959-07-01,CPIMEDSL,21.5,2025-09-11,2025-09-11
1959-08-01,CPIMEDSL,21.6,2025-09-11,2025-09-11
1959-09-01,CPIMEDSL,21.7,2025-09-11,2025-09-11
1959-10-01,CPIMEDSL,21.7,2025-09-11,2025-09-11
1959-11-01,CPIMEDSL,21.8,2025-09-11,2025-09-11
1959-12-01,CPIMEDSL,21.8,2025-09-11,2025-09-11
1960-01-01,CPIMEDSL,21.9,2025-09-11,2025-09-11
1960-02-01,CPIMEDSL,22,2025-09-11,2025-09-11
1960-03-01,CPIMEDSL,22.1,2025-09-11,2025-09-11
1960-04-01,CPIMEDSL,22.2,2025-09-11,2025-09-11
1960-05-01,CPIMEDSL,22.2,2025-09-11,2025-09-11
1960-06-01,CPIMEDSL,22.2,2025-09-11,2025-09-11
1960-07-01,CPIMEDSL,22.3,2025-09-11,2025-09-11
1960-08-01,CPIMEDSL,22.3,2025-09-11,2025-09-11
1960-09-01,CPIMEDSL,22.4,2025-09-11,2025-09-11
1960-10-01,CPIMEDSL,22.4,2025-09-11,2025-09-11
1960-11-01,CPIMEDSL,22.5,2025-09-11,2025-09-11
1960-12-01,CPIMEDSL,22.6,2025-09-11,2025-09-11
1961-01-01,CPIMEDSL,22.6,2025-09-11,2025-09-11
1961-02-01,CPIMEDSL,22.7,2025-09-11,2025-09-11
1961-03-01,CPIMEDSL,22.7,2025-09-11,2025-09-11
1961-04-01,CPIMEDSL,22.8,2025-09-11,2025-09-11
1961-05-01,CPIMEDSL,22.8,2025-09-11,2025-09-11
1961-06-01,CPIMEDSL,22.9,2025-09-11,2025-09-11
1961-07-01,CPIMEDSL,22.9,2025-09-11,2025-09-11
1961-08-01,CPIMEDSL,23,2025-09-11,2025-09-11
1961-09-01,CPIMEDSL,23.1,2025-09-11,2025-09-11
1961-10-01,CPIMEDSL,23.1,2025-09-11,2025-09-11
1961-11-01,CPIMEDSL,23.1,2025-09-11,2025-09-11
1961-12-01,CPIMEDSL,23.2,2025-09-11,2025-09-11
1962-01-01,CPIMEDSL,23.2,2025-09-11,2025-09-11
1962-02-01,CPIMEDSL,23.3,2025-09-11,2025-09-11
1962-03-01,CPIMEDSL,23.4,2025-09-11,2025-09-11
1962-04-01,CPIMEDSL,23.4,2025-09-11,2025-09-11
1962-05-01,CPIMEDSL,23.5,2025-09-11,2025-09-11
1962-06-01,CPIMEDSL,23.5,2025-09-11,2025-09-11
1962-07-01,CPIMEDSL,23.6,2025-09-11,2025-09-11
1962-08-01,CPIMEDSL,23.6,2025-09-11,2025-09-11
1962-09-01,CPIMEDSL,23.6,2025-09-11,2025-09-11
1962-10-01,CPIMEDSL,23.7,2025-09-11,2025-09-11
1962-11-01,CPIMEDSL,23.7,2025-09-11,2025-09-11
1962-12-01,CPIMEDSL,23.8,2025-09-11,2025-09-11
1963-01-01,CPIMEDSL,23.9,2025-09-11,2025-09-11
1963-02-01,CPIMEDSL,23.9,2025-09-11,2025-09-11
1963-03-01,CPIMEDSL,23.9,2025-09-11,2025-09-11
1963-04-01,CPIMEDSL,23.9,2025-09-11,2025-09-11
1963-05-01,CPIMEDSL,24,2025-09-11,2025-09-11
1963-06-01,CPIMEDSL,24.1,2025-09-11,2025-09-11
1963-07-01,CPIMEDSL,24.1,2025-09-11,2025-09-11
1963-08-01,CPIMEDSL,24.2,2025-09-11,2025-09-11
1963-09-01,CPIMEDSL,24.2,2025-09-11,2025-09-11
1963-10-01,CPIMEDSL,24.2,2025-09-11,2025-09-11
1963-11-01,CPIMEDSL,24.3,2025-09-11,2025-09-11
1963-12-01,CPIMEDSL,24.3,2025-09-11,2025-09-11
1964-01-01,CPIMEDSL,24.4,2025-09-11,2025-09-11
1964-02-01,CPIMEDSL,24.4,2025-09-11,2025-09-11
1964-03-01,CPIMEDSL,24.4,2025-09-11,2025-09-11
1964-04-01,CPIMEDSL,24.5,2025-09-11,2025-09-11
1964-05-01,CPIMEDSL,24.5,2025-09-11,2025-09-11
1964-06-01,CPIMEDSL,24.6,2025-09-11,2025-09-11
1964-07-01,CPIMEDSL,24.6,2025-09-11,2025-09-11
1964-08-01,CPIMEDSL,24.7,2025-09-11,2025-09-11
1964-09-01,CPIMEDSL,24.7,2025-09-11,2025-09-11
1964-10-01,CPIMEDSL,24.7,2025-09-11,2025-09-11
1964-11-01,CPIMEDSL,24.8,2025-09-11,2025-09-11
1964-12-01,CPIMEDSL,24.8,2025-09-11,2025-09-11
1965-01-01,CPIMEDSL,24.8,2025-09-11,2025-09-11
1965-02-01,CPIMEDSL,24.9,2025-09-11,2025-09-11
1965-03-01,CPIMEDSL,25,2025-09-11,2025-09-11
1965-04-01,CPIMEDSL,25,2025-09-11,2025-09-11
1965-05-01,CPIMEDSL,25.1,2025-09-11,2025-09-11
1965-06-01,CPIMEDSL,25.1,2025-09-11,2025-09-11
1965-07-01,CPIMEDSL,25.3,2025-09-11,2025-09-11
1965-08-01,CPIMEDSL,25.3,2025-09-11,2025-09-11
1965-09-01,CPIMEDSL,25.3,2025-09-11,2025-09-11
1965-10-01,CPIMEDSL,25.4,2025-09-11,2025-09-11
1965-11-01,CPIMEDSL,25.5,2025-09-11,2025-09-11
1965-12-01,CPIMEDSL,25.5,2025-09-11,2025-09-11
1966-01-01,CPIMEDSL,25.6,2025-09-11,2025-09-11
1966-02-01,CPIMEDSL,25.6,2025-09-11,2025-09-11
1966-03-01,CPIMEDSL,25.8,2025-09-11,2025-09-11
1966-04-01,CPIMEDSL,25.9,2025-09-11,2025-09-11
1966-05-01,CPIMEDSL,26,2025-09-11,2025-09-11
1966-06-01,CPIMEDSL,26.1,2025-09-11,2025-09-11
1966-07-01,CPIMEDSL,26.3,2025-09-11,2025-09-11
1966-08-01,CPIMEDSL,26.4,2025-09-11,2025-09-11
1966-09-01,CPIMEDSL,26.7,2025-09-11,2025-09-11
1966-10-01,CPIMEDSL,26.9,2025-09-11,2025-09-11
1966-11-01,CPIMEDSL,27.1,2025-09-11,2025-09-11
1966-12-01,CPIMEDSL,27.2,2025-09-11,2025-09-11
1967-01-01,CPIMEDSL,27.4,2025-09-11,2025-09-11
1967-02-01,CPIMEDSL,27.5,2025-09-11,2025-09-11
1967-03-01,CPIMEDSL,27.6,2025-09-11,2025-09-11
1967-04-01,CPIMEDSL,27.8,2025-09-11,2025-09-11
1967-05-01,CPIMEDSL,27.9,2025-09-11,2025-09-11
1967-06-01,CPIMEDSL,28.1,2025-09-11,2025-09-11
1967-07-01,CPIMEDSL,28.2,2025-09-11,2025-09-11
1967-08-01,CPIMEDSL,28.3,2025-09-11,2025-09-11
1967-09-01,CPIMEDSL,28.5,2025-09-11,2025-09-11
1967-10-01,CPIMEDSL,28.7,2025-09-11,2025-09-11
1967-11-01,CPIMEDSL,28.8,2025-09-11,2025-09-11
1967-12-01,CPIMEDSL,29,2025-09-11,2025-09-11
1968-01-01,CPIMEDSL,29.1,2025-09-11,2025-09-11
1968-02-01,CPIMEDSL,29.2,2025-09-11,2025-09-11
1968-03-01,CPIMEDSL,29.4,2025-09-11,2025-09-11
1968-04-01,CPIMEDSL,29.5,2025-09-11,2025-09-11
1968-05-01,CPIMEDSL,29.6,2025-09-11,2025-09-11
1968-06-01,CPIMEDSL,29.7,2025-09-11,2025-09-11
1968-07-01,CPIMEDSL,29.9,2025-09-11,2025-09-11
1968-08-01,CPIMEDSL,30,2025-09-11,2025-09-11
1968-09-01,CPIMEDSL,30.2,2025-09-11,2025-09-11
1968-10-01,CPIMEDSL,30.4,2025-09-11,2025-09-11
1968-11-01,CPIMEDSL,30.6,2025-09-11,2025-09-11
1968-12-01,CPIMEDSL,30.8,2025-09-11,2025-09-11
1969-01-01,CPIMEDSL,30.9,2025-09-11,2025-09-11
1969-02-01,CPIMEDSL,31.2,2025-09-11,2025-09-11
1969-03-01,CPIMEDSL,31.4,2025-09-11,2025-09-11
1969-04-01,CPIMEDSL,31.6,2025-09-11,2025-09-11
1969-05-01,CPIMEDSL,31.8,2025-09-11,2025-09-11
1969-06-01,CPIMEDSL,31.9,2025-09-11,2025-09-11
1969-07-01,CPIMEDSL,32.1,2025-09-11,2025-09-11
1969-08-01,CPIMEDSL,32.2,2025-09-11,2025-09-11
1969-09-01,CPIMEDSL,32.5,2025-09-11,2025-09-11
1969-10-01,CPIMEDSL,32.3,2025-09-11,2025-09-11
1969-11-01,CPIMEDSL,32.5,2025-09-11,2025-09-11
1969-12-01,CPIMEDSL,32.6,2025-09-11,2025-09-11
1970-01-01,CPIMEDSL,32.8,2025-09-11,2025-09-11
1970-02-01,CPIMEDSL,33,2025-09-11,2025-09-11
1970-03-01,CPIMEDSL,33.2,2025-09-11,2025-09-11
1970-04-01,CPIMEDSL,33.5,2025-09-11,2025-09-11
1970-05-01,CPIMEDSL,33.7,2025-09-11,2025-09-11
1970-06-01,CPIMEDSL,33.9,2025-09-11,2025-09-11
1970-07-01,CPIMEDSL,34.1,2025-09-11,2025-09-11
1970-08-01,CPIMEDSL,34.3,2025-09-11,2025-09-11
1970-09-01,CPIMEDSL,34.5,2025-09-11,2025-09-11
1970-10-01,CPIMEDSL,34.6,2025-09-11,2025-09-11
1970-11-01,CPIMEDSL,34.8,2025-09-11,2025-09-11
1970-12-01,CPIMEDSL,35.1,2025-09-11,2025-09-11
1971-01-01,CPIMEDSL,35.2,2025-09-11,2025-09-11
1971-02-01,CPIMEDSL,35.4,2025-09-11,2025-09-11
1971-03-01,CPIMEDSL,35.6,2025-09-11,2025-09-11
1971-04-01,CPIMEDSL,35.8,2025-09-11,2025-09-11
1971-05-01,CPIMEDSL,36,2025-09-11,2025-09-11
1971-06-01,CPIMEDSL,36.2,2025-09-11,2025-09-11
1971-07-01,CPIMEDSL,36.4,2025-09-11,2025-09-11
1971-08-01,CPIMEDSL,36.5,2025-09-11,2025-09-11
1971-09-01,CPIMEDSL,36.7,2025-09-11,2025-09-11
1971-10-01,CPIMEDSL,36.5,2025-09-11,2025-09-11
1971-11-01,CPIMEDSL,36.6,2025-09-11,2025-09-11
1971-12-01,CPIMEDSL,36.7,2025-09-11,2025-09-11
1972-01-01,CPIMEDSL,36.8,2025-09-11,2025-09-11
1972-02-01,CPIMEDSL,36.9,2025-09-11,2025-09-11
1972-03-01,CPIMEDSL,37,2025-09-11,2025-09-11
1972-04-01,CPIMEDSL,37.1,2025-09-11,2025-09-11
1972-05-01,CPIMEDSL,37.2,2025-09-11,2025-09-11
1972-06-01,CPIMEDSL,37.3,2025-09-11,2025-09-11
1972-07-01,CPIMEDSL,37.3,2025-09-11,2025-09-11
1972-08-01,CPIMEDSL,37.4,2025-09-11,2025-09-11
1972-09-01,CPIMEDSL,37.4,2025-09-11,2025-09-11
1972-10-01,CPIMEDSL,37.8,2025-09-11,2025-09-11
1972-11-01,CPIMEDSL,37.8,2025-09-11,2025-09-11
1972-12-01,CPIMEDSL,37.9,2025-09-11,2025-09-11
1973-01-01,CPIMEDSL,38,2025-09-11,2025-09-11
1973-02-01,CPIMEDSL,38.1,2025-09-11,2025-09-11
1973-03-01,CPIMEDSL,38.2,2025-09-11,2025-09-11
1973-04-01,CPIMEDSL,38.3,2025-09-11,2025-09-11
1973-05-01,CPIMEDSL,38.5,2025-09-11,2025-09-11
1973-06-01,CPIMEDSL,38.6,2025-09-11,2025-09-11
1973-07-01,CPIMEDSL,38.6,2025-09-11,2025-09-11
1973-08-01,CPIMEDSL,38.7,2025-09-11,2025-09-11
1973-09-01,CPIMEDSL,38.9,2025-09-11,2025-09-11
1973-10-01,CPIMEDSL,39.6,2025-09-11,2025-09-11
1973-11-01,CPIMEDSL,39.7,2025-09-11,2025-09-11
1973-12-01,CPIMEDSL,39.9,2025-09-11,2025-09-11
1974-01-01,CPIMEDSL,40.1,2025-09-11,2025-09-11
1974-02-01,CPIMEDSL,40.3,2025-09-11,2025-09-11
1974-03-01,CPIMEDSL,40.7,2025-09-11,2025-09-11
1974-04-01,CPIMEDSL,41,2025-09-11,2025-09-11
1974-05-01,CPIMEDSL,41.4,2025-09-11,2025-09-11
1974-06-01,CPIMEDSL,42.1,2025-09-11,2025-09-11
1974-07-01,CPIMEDSL,42.6,2025-09-11,2025-09-11
1974-08-01,CPIMEDSL,43.2,2025-09-11,2025-09-11
1974-09-01,CPIMEDSL,43.7,2025-09-11,2025-09-11
1974-10-01,CPIMEDSL,44.1,2025-09-11,2025-09-11
1974-11-01,CPIMEDSL,44.4,2025-09-11,2025-09-11
1974-12-01,CPIMEDSL,44.8,2025-09-11,2025-09-11
1975-01-01,CPIMEDSL,45.3,2025-09-11,2025-09-11
1975-02-01,CPIMEDSL,45.8,2025-09-11,2025-09-11
1975-03-01,CPIMEDSL,46.3,2025-09-11,2025-09-11
1975-04-01,CPIMEDSL,46.7,2025-09-11,2025-09-11
1975-05-01,CPIMEDSL,47,2025-09-11,2025-09-11
1975-06-01,CPIMEDSL,47.4,2025-09-11,2025-09-11
1975-07-01,CPIMEDSL,47.8,2025-09-11,2025-09-11
1975-08-01,CPIMEDSL,48.1,2025-09-11,2025-09-11
1975-09-01,CPIMEDSL,48.5,2025-09-11,2025-09-11
1975-10-01,CPIMEDSL,48.9,2025-09-11,2025-09-11
1975-11-01,CPIMEDSL,48.8,2025-09-11,2025-09-11
1975-12-01,CPIMEDSL,49.3,2025-09-11,2025-09-11
1976-01-01,CPIMEDSL,49.7,2025-09-11,2025-09-11
1976-02-01,CPIMEDSL,50.2,2025-09-11,2025-09-11
1976-03-01,CPIMEDSL,50.7,2025-09-11,2025-09-11
1976-04-01,CPIMEDSL,51,2025-09-11,2025-09-11
1976-05-01,CPIMEDSL,51.4,2025-09-11,2025-09-11
1976-06-01,CPIMEDSL,51.8,2025-09-11,2025-09-11
1976-07-01,CPIMEDSL,52.3,2025-09-11,2025-09-11
1976-08-01,CPIMEDSL,52.6,2025-09-11,2025-09-11
1976-09-01,CPIMEDSL,53,2025-09-11,2025-09-11
1976-10-01,CPIMEDSL,53.2,2025-09-11,2025-09-11
1976-11-01,CPIMEDSL,53.9,2025-09-11,2025-09-11
1976-12-01,CPIMEDSL,54.2,2025-09-11,2025-09-11
1977-01-01,CPIMEDSL,54.6,2025-09-11,2025-09-11
1977-02-01,CPIMEDSL,54.9,2025-09-11,2025-09-11
1977-03-01,CPIMEDSL,55.5,2025-09-11,2025-09-11
1977-04-01,CPIMEDSL,56,2025-09-11,2025-09-11
1977-05-01,CPIMEDSL,56.5,2025-09-11,2025-09-11
1977-06-01,CPIMEDSL,57,2025-09-11,2025-09-11
1977-07-01,CPIMEDSL,57.3,2025-09-11,2025-09-11
1977-08-01,CPIMEDSL,57.7,2025-09-11,2025-09-11
1977-09-01,CPIMEDSL,58.2,2025-09-11,2025-09-11
1977-10-01,CPIMEDSL,58.4,2025-09-11,2025-09-11
1977-11-01,CPIMEDSL,58.6,2025-09-11,2025-09-11
1977-12-01,CPIMEDSL,59,2025-09-11,2025-09-11
1978-01-01,CPIMEDSL,59.3,2025-09-11,2025-09-11
1978-02-01,CPIMEDSL,59.9,2025-09-11,2025-09-11
1978-03-01,CPIMEDSL,60.2,2025-09-11,2025-09-11
1978-04-01,CPIMEDSL,60.7,2025-09-11,2025-09-11
1978-05-01,CPIMEDSL,61.1,2025-09-11,2025-09-11
1978-06-01,CPIMEDSL,61.5,2025-09-11,2025-09-11
1978-07-01,CPIMEDSL,61.9,2025-09-11,2025-09-11
1978-08-01,CPIMEDSL,62.4,2025-09-11,2025-09-11
1978-09-01,CPIMEDSL,62.8,2025-09-11,2025-09-11
1978-10-01,CPIMEDSL,63.3,2025-09-11,2025-09-11
1978-11-01,CPIMEDSL,63.8,2025-09-11,2025-09-11
1978-12-01,CPIMEDSL,64.1,2025-09-11,2025-09-11
1979-01-01,CPIMEDSL,64.8,2025-09-11,2025-09-11
1979-02-01,CPIMEDSL,65.2,2025-09-11,2025-09-11
1979-03-01,CPIMEDSL,65.7,2025-09-11,2025-09-11
1979-04-01,CPIMEDSL,66.1,2025-09-11,2025-09-11
1979-05-01,CPIMEDSL,66.6,2025-09-11,2025-09-11
1979-06-01,CPIMEDSL,67.1,2025-09-11,2025-09-11
1979-07-01,CPIMEDSL,67.7,2025-09-11,2025-09-11
1979-08-01,CPIMEDSL,68.2,2025-09-11,2025-09-11
1979-09-01,CPIMEDSL,68.7,2025-09-11,2025-09-11
1979-10-01,CPIMEDSL,69.2,2025-09-11,2025-09-11
1979-11-01,CPIMEDSL,69.8,2025-09-11,2025-09-11
1979-12-01,CPIMEDSL,70.6,2025-09-11,2025-09-11
1980-01-01,CPIMEDSL,71.4,2025-09-11,2025-09-11
1980-02-01,CPIMEDSL,72.3,2025-09-11,2025-09-11
1980-03-01,CPIMEDSL,73,2025-09-11,2025-09-11
1980-04-01,CPIMEDSL,73.6,2025-09-11,2025-09-11
1980-05-01,CPIMEDSL,74.2,2025-09-11,2025-09-11
1980-06-01,CPIMEDSL,74.7,2025-09-11,2025-09-11
1980-07-01,CPIMEDSL,75.2,2025-09-11,2025-09-11
1980-08-01,CPIMEDSL,75.6,2025-09-11,2025-09-11
1980-09-01,CPIMEDSL,76.3,2025-09-11,2025-09-11
1980-10-01,CPIMEDSL,76.9,2025-09-11,2025-09-11
1980-11-01,CPIMEDSL,77.3,2025-09-11,2025-09-11
1980-12-01,CPIMEDSL,77.8,2025-09-11,2025-09-11
1981-01-01,CPIMEDSL,78.6,2025-09-11,2025-09-11
1981-02-01,CPIMEDSL,79.2,2025-09-11,2025-09-11
1981-03-01,CPIMEDSL,79.9,2025-09-11,2025-09-11
1981-04-01,CPIMEDSL,80.7,2025-09-11,2025-09-11
1981-05-01,CPIMEDSL,81.4,2025-09-11,2025-09-11
1981-06-01,CPIMEDSL,82.3,2025-09-11,2025-09-11
1981-07-01,CPIMEDSL,83.4,2025-09-11,2025-09-11
1981-08-01,CPIMEDSL,84.3,2025-09-11,2025-09-11
1981-09-01,CPIMEDSL,85.1,2025-09-11,2025-09-11
1981-10-01,CPIMEDSL,85.9,2025-09-11,2025-09-11
1981-11-01,CPIMEDSL,86.8,2025-09-11,2025-09-11
1981-12-01,CPIMEDSL,87.5,2025-09-11,2025-09-11
1982-01-01,CPIMEDSL,88.2,2025-09-11,2025-09-11
1982-02-01,CPIMEDSL,88.8,2025-09-11,2025-09-11
1982-03-01,CPIMEDSL,89.6,2025-09-11,2025-09-11
1982-04-01,CPIMEDSL,90.5,2025-09-11,2025-09-11
1982-05-01,CPIMEDSL,91.3,2025-09-11,2025-09-11
1982-06-01,CPIMEDSL,92.2,2025-09-11,2025-09-11
1982-07-01,CPIMEDSL,93,2025-09-11,2025-09-11
1982-08-01,CPIMEDSL,93.9,2025-09-11,2025-09-11
1982-09-01,CPIMEDSL,94.7,2025-09-11,2025-09-11
1982-10-01,CPIMEDSL,95.5,2025-09-11,2025-09-11
1982-11-01,CPIMEDSL,96.5,2025-09-11,2025-09-11
1982-12-01,CPIMEDSL,97.2,2025-09-11,2025-09-11
1983-01-01,CPIMEDSL,97.9,2025-09-11,2025-09-11
1983-02-01,CPIMEDSL,98.8,2025-09-11,2025-09-11
1983-03-01,CPIMEDSL,99,2025-09-11,2025-09-11
1983-04-01,CPIMEDSL,99.4,2025-09-11,2025-09-11
1983-05-01,CPIMEDSL,99.9,2025-09-11,2025-09-11
1983-06-01,CPIMEDSL,100.4,2025-09-11,2025-09-11
1983-07-01,CPIMEDSL,100.8,2025-09-11,2025-09-11
1983-08-01,CPIMEDSL,101.4,2025-09-11,2025-09-11
1983-09-01,CPIMEDSL,101.8,2025-09-11,2025-09-11
1983-10-01,CPIMEDSL,102.3,2025-09-11,2025-09-11
1983-11-01,CPIMEDSL,102.8,2025-09-11,2025-09-11
1983-12-01,CPIMEDSL,103.4,2025-09-11,2025-09-11
1984-01-01,CPIMEDSL,104,2025-09-11,2025-09-11
1984-02-01,CPIMEDSL,105,2025-09-11,2025-09-11
1984-03-01,CPIMEDSL,105.2,2025-09-11,2025-09-11
1984-04-01,CPIMEDSL,105.8,2025-09-11,2025-09-11
1984-05-01,CPIMEDSL,106.2,2025-09-11,2025-09-11
1984-06-01,CPIMEDSL,106.7,2025-09-11,2025-09-11
1984-07-01,CPIMEDSL,107.2,2025-09-11,2025-09-11
1984-08-01,CPIMEDSL,107.7,2025-09-11,2025-09-11
1984-09-01,CPIMEDSL,108.1,2025-09-11,2025-09-11
1984-10-01,CPIMEDSL,108.7,2025-09-11,2025-09-11
1984-11-01,CPIMEDSL,109.3,2025-09-11,2025-09-11
1984-12-01,CPIMEDSL,109.8,2025-09-11,2025-09-11
1985-01-01,CPIMEDSL,110.2,2025-09-11,2025-09-11
1985-02-01,CPIMEDSL,110.8,2025-09-11,2025-09-11
1985-03-01,CPIMEDSL,111.4,2025-09-11,2025-09-11
1985-04-01,CPIMEDSL,112,2025-09-11,2025-09-11
1985-05-01,CPIMEDSL,112.6,2025-09-11,2025-09-11
1985-06-01,CPIMEDSL,113.3,2025-09-11,2025-09-11
1985-07-01,CPIMEDSL,113.9,2025-09-11,2025-09-11
1985-08-01,CPIMEDSL,114.6,2025-09-11,2025-09-11
1985-09-01,CPIMEDSL,115.2,2025-09-11,2025-09-11
1985-10-01,CPIMEDSL,115.8,2025-09-11,2025-09-11
1985-11-01,CPIMEDSL,116.5,2025-09-11,2025-09-11
1985-12-01,CPIMEDSL,117.1,2025-09-11,2025-09-11
1986-01-01,CPIMEDSL,118,2025-09-11,2025-09-11
1986-02-01,CPIMEDSL,118.8,2025-09-11,2025-09-11
1986-03-01,CPIMEDSL,119.7,2025-09-11,2025-09-11
1986-04-01,CPIMEDSL,120.4,2025-09-11,2025-09-11
1986-05-01,CPIMEDSL,121.2,2025-09-11,2025-09-11
1986-06-01,CPIMEDSL,121.8,2025-09-11,2025-09-11
1986-07-01,CPIMEDSL,122.5,2025-09-11,2025-09-11
1986-08-01,CPIMEDSL,123.2,2025-09-11,2025-09-11
1986-09-01,CPIMEDSL,124,2025-09-11,2025-09-11
1986-10-01,CPIMEDSL,124.7,2025-09-11,2025-09-11
1986-11-01,CPIMEDSL,125.5,2025-09-11,2025-09-11
1986-12-01,CPIMEDSL,126.2,2025-09-11,2025-09-11
1987-01-01,CPIMEDSL,126.7,2025-09-11,2025-09-11
1987-02-01,CPIMEDSL,127.2,2025-09-11,2025-09-11
1987-03-01,CPIMEDSL,127.8,2025-09-11,2025-09-11
1987-04-01,CPIMEDSL,128.6,2025-09-11,2025-09-11
1987-05-01,CPIMEDSL,129.2,2025-09-11,2025-09-11
1987-06-01,CPIMEDSL,130,2025-09-11,2025-09-11
1987-07-01,CPIMEDSL,130.6,2025-09-11,2025-09-11
1987-08-01,CPIMEDSL,131.2,2025-09-11,2025-09-11
1987-09-01,CPIMEDSL,131.9,2025-09-11,2025-09-11
1987-10-01,CPIMEDSL,132.4,2025-09-11,2025-09-11
1987-11-01,CPIMEDSL,133,2025-09-11,2025-09-11
1987-12-01,CPIMEDSL,133.5,2025-09-11,2025-09-11
1988-01-01,CPIMEDSL,134.4,2025-09-11,2025-09-11
1988-02-01,CPIMEDSL,135.2,2025-09-11,2025-09-11
1988-03-01,CPIMEDSL,135.8,2025-09-11,2025-09-11
1988-04-01,CPIMEDSL,136.7,2025-09-11,2025-09-11
1988-05-01,CPIMEDSL,137.6,2025-09-11,2025-09-11
1988-06-01,CPIMEDSL,138.3,2025-09-11,2025-09-11
1988-07-01,CPIMEDSL,139.1,2025-09-11,2025-09-11
1988-08-01,CPIMEDSL,139.8,2025-09-11,2025-09-11
1988-09-01,CPIMEDSL,140.5,2025-09-11,2025-09-11
1988-10-01,CPIMEDSL,141.4,2025-09-11,2025-09-11
1988-11-01,CPIMEDSL,142,2025-09-11,2025-09-11
1988-12-01,CPIMEDSL,142.7,2025-09-11,2025-09-11
1989-01-01,CPIMEDSL,143.8,2025-09-11,2025-09-11
1989-02-01,CPIMEDSL,144.9,2025-09-11,2025-09-11
1989-03-01,CPIMEDSL,145.8,2025-09-11,2025-09-11
1989-04-01,CPIMEDSL,146.6,2025-09-11,2025-09-11
1989-05-01,CPIMEDSL,147.5,2025-09-11,2025-09-11
1989-06-01,CPIMEDSL,148.6,2025-09-11,2025-09-11
1989-07-01,CPIMEDSL,149.6,2025-09-11,2025-09-11
1989-08-01,CPIMEDSL,150.6,2025-09-11,2025-09-11
1989-09-01,CPIMEDSL,151.8,2025-09-11,2025-09-11
1989-10-01,CPIMEDSL,152.8,2025-09-11,2025-09-11
1989-11-01,CPIMEDSL,154.1,2025-09-11,2025-09-11
1989-12-01,CPIMEDSL,154.9,2025-09-11,2025-09-11
1990-01-01,CPIMEDSL,156,2025-09-11,2025-09-11
1990-02-01,CPIMEDSL,157.1,2025-09-11,2025-09-11
1990-03-01,CPIMEDSL,158.3,2025-09-11,2025-09-11
1990-04-01,CPIMEDSL,159.6,2025-09-11,2025-09-11
1990-05-01,CPIMEDSL,160.8,2025-09-11,2025-09-11
1990-06-01,CPIMEDSL,162,2025-09-11,2025-09-11
1990-07-01,CPIMEDSL,163.4,2025-09-11,2025-09-11
1990-08-01,CPIMEDSL,164.8,2025-09-11,2025-09-11
1990-09-01,CPIMEDSL,165.9,2025-09-11,2025-09-11
1990-10-01,CPIMEDSL,167.3,2025-09-11,2025-09-11
1990-11-01,CPIMEDSL,168.7,2025-09-11,2025-09-11
1990-12-01,CPIMEDSL,169.8,2025-09-11,2025-09-11
1991-01-01,CPIMEDSL,171,2025-09-11,2025-09-11
1991-02-01,CPIMEDSL,172.1,2025-09-11,2025-09-11
1991-03-01,CPIMEDSL,173.2,2025-09-11,2025-09-11
1991-04-01,CPIMEDSL,174.3,2025-09-11,2025-09-11
1991-05-01,CPIMEDSL,175.2,2025-09-11,2025-09-11
1991-06-01,CPIMEDSL,176.4,2025-09-11,2025-09-11
1991-07-01,CPIMEDSL,177.4,2025-09-11,2025-09-11
1991-08-01,CPIMEDSL,178.8,2025-09-11,2025-09-11
1991-09-01,CPIMEDSL,179.9,2025-09-11,2025-09-11
1991-10-01,CPIMEDSL,180.9,2025-09-11,2025-09-11
1991-11-01,CPIMEDSL,181.9,2025-09-11,2025-09-11
1991-12-01,CPIMEDSL,183.1,2025-09-11,2025-09-11
1992-01-01,CPIMEDSL,184.3,2025-09-11,2025-09-11
1992-02-01,CPIMEDSL,185.6,2025-09-11,2025-09-11
1992-03-01,CPIMEDSL,186.8,2025-09-11,2025-09-11
1992-04-01,CPIMEDSL,187.9,2025-09-11,2025-09-11
1992-05-01,CPIMEDSL,188.7,2025-09-11,2025-09-11
1992-06-01,CPIMEDSL,189.6,2025-09-11,2025-09-11
1992-07-01,CPIMEDSL,190.6,2025-09-11,2025-09-11
1992-08-01,CPIMEDSL,191.5,2025-09-11,2025-09-11
1992-09-01,CPIMEDSL,192.4,2025-09-11,2025-09-11
1992-10-01,CPIMEDSL,193.5,2025-09-11,2025-09-11
1992-11-01,CPIMEDSL,194.5,2025-09-11,2025-09-11
1992-12-01,CPIMEDSL,195.3,2025-09-11,2025-09-11
1993-01-01,CPIMEDSL,196.4,2025-09-11,2025-09-11
1993-02-01,CPIMEDSL,197.4,2025-09-11,2025-09-11
1993-03-01,CPIMEDSL,198.1,2025-09-11,2025-09-11
1993-04-01,CPIMEDSL,199.1,2025-09-11,2025-09-11
1993-05-01,CPIMEDSL,200.5,2025-09-11,2025-09-11
1993-06-01,CPIMEDSL,201.3,2025-09-11,2025-09-11
1993-07-01,CPIMEDSL,202.2,2025-09-11,2025-09-11
1993-08-01,CPIMEDSL,202.8,2025-09-11,2025-09-11
1993-09-01,CPIMEDSL,203.6,2025-09-11,2025-09-11
1993-10-01,CPIMEDSL,204.5,2025-09-11,2025-09-11
1993-11-01,CPIMEDSL,205.1,2025-09-11,2025-09-11
1993-12-01,CPIMEDSL,205.8,2025-09-11,2025-09-11
1994-01-01,CPIMEDSL,206.4,2025-09-11,2025-09-11
1994-02-01,CPIMEDSL,207.2,2025-09-11,2025-09-11
1994-03-01,CPIMEDSL,207.9,2025-09-11,2025-09-11
1994-04-01,CPIMEDSL,209,2025-09-11,2025-09-11
1994-05-01,CPIMEDSL,209.7,2025-09-11,2025-09-11
1994-06-01,CPIMEDSL,210.5,2025-09-11,2025-09-11
1994-07-01,CPIMEDSL,211.3,2025-09-11,2025-09-11
1994-08-01,CPIMEDSL,212.2,2025-09-11,2025-09-11
1994-09-01,CPIMEDSL,213.1,2025-09-11,2025-09-11
1994-10-01,CPIMEDSL,214.1,2025-09-11,2025-09-11
1994-11-01,CPIMEDSL,215,2025-09-11,2025-09-11
1994-12-01,CPIMEDSL,215.9,2025-09-11,2025-09-11
1995-01-01,CPIMEDSL,216.6,2025-09-11,2025-09-11
1995-02-01,CPIMEDSL,217.4,2025-09-11,2025-09-11
1995-03-01,CPIMEDSL,218.1,2025-09-11,2025-09-11
1995-04-01,CPIMEDSL,218.6,2025-09-11,2025-09-11
1995-05-01,CPIMEDSL,219.2,2025-09-11,2025-09-11
1995-06-01,CPIMEDSL,219.9,2025-09-11,2025-09-11
1995-07-01,CPIMEDSL,220.6,2025-09-11,2025-09-11
1995-08-01,CPIMEDSL,221.6,2025-09-11,2025-09-11
1995-09-01,CPIMEDSL,222.4,2025-09-11,2025-09-11
1995-10-01,CPIMEDSL,223,2025-09-11,2025-09-11
1995-11-01,CPIMEDSL,223.7,2025-09-11,2025-09-11
1995-12-01,CPIMEDSL,224.3,2025-09-11,2025-09-11
1996-01-01,CPIMEDSL,225.2,2025-09-11,2025-09-11
1996-02-01,CPIMEDSL,225.7,2025-09-11,2025-09-11
1996-03-01,CPIMEDSL,226.2,2025-09-11,2025-09-11
1996-04-01,CPIMEDSL,226.8,2025-09-11,2025-09-11
1996-05-01,CPIMEDSL,227.4,2025-09-11,2025-09-11
1996-06-01,CPIMEDSL,228,2025-09-11,2025-09-11
1996-07-01,CPIMEDSL,228.6,2025-09-11,2025-09-11
1996-08-01,CPIMEDSL,229.1,2025-09-11,2025-09-11
1996-09-01,CPIMEDSL,229.7,2025-09-11,2025-09-11
1996-10-01,CPIMEDSL,230.3,2025-09-11,2025-09-11
1996-11-01,CPIMEDSL,231,2025-09-11,2025-09-11
1996-12-01,CPIMEDSL,231.2,2025-09-11,2025-09-11
1997-01-01,CPIMEDSL,231.8,2025-09-11,2025-09-11
1997-02-01,CPIMEDSL,232.2,2025-09-11,2025-09-11
1997-03-01,CPIMEDSL,233,2025-09-11,2025-09-11
1997-04-01,CPIMEDSL,233.5,2025-09-11,2025-09-11
1997-05-01,CPIMEDSL,234.1,2025-09-11,2025-09-11
1997-06-01,CPIMEDSL,234.4,2025-09-11,2025-09-11
1997-07-01,CPIMEDSL,234.7,2025-09-11,2025-09-11
1997-08-01,CPIMEDSL,235.1,2025-09-11,2025-09-11
1997-09-01,CPIMEDSL,235.5,2025-09-11,2025-09-11
1997-10-01,CPIMEDSL,236.1,2025-09-11,2025-09-11
1997-11-01,CPIMEDSL,236.9,2025-09-11,2025-09-11
1997-12-01,CPIMEDSL,237.8,2025-09-11,2025-09-11
1998-01-01,CPIMEDSL,238.1,2025-09-11,2025-09-11
1998-02-01,CPIMEDSL,238.8,2025-09-11,2025-09-11
1998-03-01,CPIMEDSL,239.4,2025-09-11,2025-09-11
1998-04-01,CPIMEDSL,240.3,2025-09-11,2025-09-11
1998-05-01,CPIMEDSL,241.2,2025-09-11,2025-09-11
1998-06-01,CPIMEDSL,241.8,2025-09-11,2025-09-11
1998-07-01,CPIMEDSL,242.5,2025-09-11,2025-09-11
1998-08-01,CPIMEDSL,243.3,2025-09-11,2025-09-11
1998-09-01,CPIMEDSL,244.1,2025-09-11,2025-09-11
1998-10-01,CPIMEDSL,244.8,2025-09-11,2025-09-11
1998-11-01,CPIMEDSL,245.3,2025-09-11,2025-09-11
1998-12-01,CPIMEDSL,245.9,2025-09-11,2025-09-11
1999-01-01,CPIMEDSL,246.5,2025-09-11,2025-09-11
1999-02-01,CPIMEDSL,247.3,2025-09-11,2025-09-11
1999-03-01,CPIMEDSL,247.9,2025-09-11,2025-09-11
1999-04-01,CPIMEDSL,248.7,2025-09-11,2025-09-11
1999-05-01,CPIMEDSL,249.3,2025-09-11,2025-09-11
1999-06-01,CPIMEDSL,250,2025-09-11,2025-09-11
1999-07-01,CPIMEDSL,250.9,2025-09-11,2025-09-11
1999-08-01,CPIMEDSL,251.7,2025-09-11,2025-09-11
1999-09-01,CPIMEDSL,252.5,2025-09-11,2025-09-11
1999-10-01,CPIMEDSL,253.1,2025-09-11,2025-09-11
1999-11-01,CPIMEDSL,253.9,2025-09-11,2025-09-11
1999-12-01,CPIMEDSL,254.9,2025-09-11,2025-09-11
2000-01-01,CPIMEDSL,255.6,2025-09-11,2025-09-11
2000-02-01,CPIMEDSL,256.5,2025-09-11,2025-09-11
2000-03-01,CPIMEDSL,257.7,2025-09-11,2025-09-11
2000-04-01,CPIMEDSL,258.4,2025-09-11,2025-09-11
2000-05-01,CPIMEDSL,259.2,2025-09-11,2025-09-11
2000-06-01,CPIMEDSL,260.3,2025-09-11,2025-09-11
2000-07-01,CPIMEDSL,261.2,2025-09-11,2025-09-11
2000-08-01,CPIMEDSL,262.4,2025-09-11,2025-09-11
2000-09-01,CPIMEDSL,263.3,2025-09-11,2025-09-11
2000-10-01,CPIMEDSL,264.1,2025-09-11,2025-09-11
2000-11-01,CPIMEDSL,264.7,2025-09-11,2025-09-11
2000-12-01,CPIMEDSL,265.6,2025-09-11,2025-09-11
2001-01-01,CPIMEDSL,267.2,2025-09-11,2025-09-11
2001-02-01,CPIMEDSL,268.3,2025-09-11,2025-09-11
2001-03-01,CPIMEDSL,269.4,2025-09-11,2025-09-11
2001-04-01,CPIMEDSL,270.4,2025-09-11,2025-09-11
2001-05-01,CPIMEDSL,271.3,2025-09-11,2025-09-11
2001-06-01,CPIMEDSL,272.4,2025-09-11,2025-09-11
2001-07-01,CPIMEDSL,272.8,2025-09-11,2025-09-11
2001-08-01,CPIMEDSL,274.3,2025-09-11,2025-09-11
2001-09-01,CPIMEDSL,275.2,2025-09-11,2025-09-11
2001-10-01,CPIMEDSL,276.3,2025-09-11,2025-09-11
2001-11-01,CPIMEDSL,277.4,2025-09-11,2025-09-11
2001-12-01,CPIMEDSL,278.2,2025-09-11,2025-09-11
2002-01-01,CPIMEDSL,279.8,2025-09-11,2025-09-11
2002-02-01,CPIMEDSL,280.4,2025-09-11,2025-09-11
2002-03-01,CPIMEDSL,281.4,2025-09-11,2025-09-11
2002-04-01,CPIMEDSL,282.7,2025-09-11,2025-09-11
2002-05-01,CPIMEDSL,283.9,2025-09-11,2025-09-11
2002-06-01,CPIMEDSL,284.6,2025-09-11,2025-09-11
2002-07-01,CPIMEDSL,286.4,2025-09-11,2025-09-11
2002-08-01,CPIMEDSL,287.2,2025-09-11,2025-09-11
2002-09-01,CPIMEDSL,288.1,2025-09-11,2025-09-11
2002-10-01,CPIMEDSL,289.8,2025-09-11,2025-09-11
2002-11-01,CPIMEDSL,291.2,2025-09-11,2025-09-11
2002-12-01,CPIMEDSL,292.1,2025-09-11,2025-09-11
2003-01-01,CPIMEDSL,292.7,2025-09-11,2025-09-11
2003-02-01,CPIMEDSL,293,2025-09-11,2025-09-11
2003-03-01,CPIMEDSL,293.4,2025-09-11,2025-09-11
2003-04-01,CPIMEDSL,294,2025-09-11,2025-09-11
2003-05-01,CPIMEDSL,295.2,2025-09-11,2025-09-11
2003-06-01,CPIMEDSL,296.1,2025-09-11,2025-09-11
2003-07-01,CPIMEDSL,297.4,2025-09-11,2025-09-11
2003-08-01,CPIMEDSL,298.3,2025-09-11,2025-09-11
2003-09-01,CPIMEDSL,299.8,2025-09-11,2025-09-11
2003-10-01,CPIMEDSL,300.4,2025-09-11,2025-09-11
2003-11-01,CPIMEDSL,301.4,2025-09-11,2025-09-11
2003-12-01,CPIMEDSL,303,2025-09-11,2025-09-11
2004-01-01,CPIMEDSL,303.8,2025-09-11,2025-09-11
2004-02-01,CPIMEDSL,305.2,2025-09-11,2025-09-11
2004-03-01,CPIMEDSL,306.5,2025-09-11,2025-09-11
2004-04-01,CPIMEDSL,307.8,2025-09-11,2025-09-11
2004-05-01,CPIMEDSL,308.6,2025-09-11,2025-09-11
2004-06-01,CPIMEDSL,309.8,2025-09-11,2025-09-11
2004-07-01,CPIMEDSL,310.8,2025-09-11,2025-09-11
2004-08-01,CPIMEDSL,311.8,2025-09-11,2025-09-11
2004-09-01,CPIMEDSL,312.9,2025-09-11,2025-09-11
2004-10-01,CPIMEDSL,314,2025-09-11,2025-09-11
2004-11-01,CPIMEDSL,314.7,2025-09-11,2025-09-11
2004-12-01,CPIMEDSL,315.8,2025-09-11,2025-09-11
2005-01-01,CPIMEDSL,316.9,2025-09-11,2025-09-11
2005-02-01,CPIMEDSL,318.4,2025-09-11,2025-09-11
2005-03-01,CPIMEDSL,319.7,2025-09-11,2025-09-11
2005-04-01,CPIMEDSL,320.7,2025-09-11,2025-09-11
2005-05-01,CPIMEDSL,321.8,2025-09-11,2025-09-11
2005-06-01,CPIMEDSL,322.8,2025-09-11,2025-09-11
2005-07-01,CPIMEDSL,324.1,2025-09-11,2025-09-11
2005-08-01,CPIMEDSL,324.2,2025-09-11,2025-09-11
2005-09-01,CPIMEDSL,325.3,2025-09-11,2025-09-11
2005-10-01,CPIMEDSL,326.9,2025-09-11,2025-09-11
2005-11-01,CPIMEDSL,328.7,2025-09-11,2025-09-11
2005-12-01,CPIMEDSL,329.2,2025-09-11,2025-09-11
2006-01-01,CPIMEDSL,329.6,2025-09-11,2025-09-11
2006-02-01,CPIMEDSL,331.2,2025-09-11,2025-09-11
2006-03-01,CPIMEDSL,332.6,2025-09-11,2025-09-11
2006-04-01,CPIMEDSL,333.8,2025-09-11,2025-09-11
2006-05-01,CPIMEDSL,335,2025-09-11,2025-09-11
2006-06-01,CPIMEDSL,336,2025-09-11,2025-09-11
2006-07-01,CPIMEDSL,336.9,2025-09-11,2025-09-11
2006-08-01,CPIMEDSL,338.1,2025-09-11,2025-09-11
2006-09-01,CPIMEDSL,339.1,2025-09-11,2025-09-11
2006-10-01,CPIMEDSL,340,2025-09-11,2025-09-11
2006-11-01,CPIMEDSL,340.8,2025-09-11,2025-09-11
2006-12-01,CPIMEDSL,341.2,2025-09-11,2025-09-11
2007-01-01,CPIMEDSL,343.579,2025-09-11,2025-09-11
2007-02-01,CPIMEDSL,345.35,2025-09-11,2025-09-11
2007-03-01,CPIMEDSL,345.899,2025-09-11,2025-09-11
2007-04-01,CPIMEDSL,347.32,2025-09-11,2025-09-11
2007-05-01,CPIMEDSL,348.491,2025-09-11,2025-09-11
2007-06-01,CPIMEDSL,349.513,2025-09-11,2025-09-11
2007-07-01,CPIMEDSL,351.719,2025-09-11,2025-09-11
2007-08-01,CPIMEDSL,353.376,2025-09-11,2025-09-11
2007-09-01,CPIMEDSL,354.531,2025-09-11,2025-09-11
2007-10-01,CPIMEDSL,356.343,2025-09-11,2025-09-11
2007-11-01,CPIMEDSL,357.75,2025-09-11,2025-09-11
2007-12-01,CPIMEDSL,358.908,2025-09-11,2025-09-11
2008-01-01,CPIMEDSL,360.463,2025-09-11,2025-09-11
2008-02-01,CPIMEDSL,360.75,2025-09-11,2025-09-11
2008-03-01,CPIMEDSL,361.533,2025-09-11,2025-09-11
2008-04-01,CPIMEDSL,362.072,2025-09-11,2025-09-11
2008-05-01,CPIMEDSL,362.658,2025-09-11,2025-09-11
2008-06-01,CPIMEDSL,363.671,2025-09-11,2025-09-11
2008-07-01,CPIMEDSL,364.156,2025-09-11,2025-09-11
2008-08-01,CPIMEDSL,364.977,2025-09-11,2025-09-11
2008-09-01,CPIMEDSL,365.841,2025-09-11,2025-09-11
2008-10-01,CPIMEDSL,366.53,2025-09-11,2025-09-11
2008-11-01,CPIMEDSL,367.459,2025-09-11,2025-09-11
2008-12-01,CPIMEDSL,368.748,2025-09-11,2025-09-11
2009-01-01,CPIMEDSL,369.824,2025-09-11,2025-09-11
2009-02-01,CPIMEDSL,370.853,2025-09-11,2025-09-11
2009-03-01,CPIMEDSL,371.705,2025-09-11,2025-09-11
2009-04-01,CPIMEDSL,373.077,2025-09-11,2025-09-11
2009-05-01,CPIMEDSL,374.359,2025-09-11,2025-09-11
2009-06-01,CPIMEDSL,375.177,2025-09-11,2025-09-11
2009-07-01,CPIMEDSL,376.001,2025-09-11,2025-09-11
2009-08-01,CPIMEDSL,377.091,2025-09-11,2025-09-11
2009-09-01,CPIMEDSL,378.359,2025-09-11,2025-09-11
2009-10-01,CPIMEDSL,379.291,2025-09-11,2025-09-11
2009-11-01,CPIMEDSL,380.45,2025-09-11,2025-09-11
2009-12-01,CPIMEDSL,381.111,2025-09-11,2025-09-11
2010-01-01,CPIMEDSL,382.742,2025-09-11,2025-09-11
2010-02-01,CPIMEDSL,384.308,2025-09-11,2025-09-11
2010-03-01,CPIMEDSL,385.712,2025-09-11,2025-09-11
2010-04-01,CPIMEDSL,386.589,2025-09-11,2025-09-11
2010-05-01,CPIMEDSL,387.094,2025-09-11,2025-09-11
2010-06-01,CPIMEDSL,388.188,2025-09-11,2025-09-11
2010-07-01,CPIMEDSL,388.123,2025-09-11,2025-09-11
2010-08-01,CPIMEDSL,389.059,2025-09-11,2025-09-11
2010-09-01,CPIMEDSL,391.288,2025-09-11,2025-09-11
2010-10-01,CPIMEDSL,391.926,2025-09-11,2025-09-11
2010-11-01,CPIMEDSL,392.535,2025-09-11,2025-09-11
2010-12-01,CPIMEDSL,393.514,2025-09-11,2025-09-11
2011-01-01,CPIMEDSL,394.072,2025-09-11,2025-09-11
2011-02-01,CPIMEDSL,395.518,2025-09-11,2025-09-11
2011-03-01,CPIMEDSL,396.29,2025-09-11,2025-09-11
2011-04-01,CPIMEDSL,397.701,2025-09-11,2025-09-11
2011-05-01,CPIMEDSL,398.721,2025-09-11,2025-09-11
2011-06-01,CPIMEDSL,399.416,2025-09-11,2025-09-11
2011-07-01,CPIMEDSL,400.539,2025-09-11,2025-09-11
2011-08-01,CPIMEDSL,401.387,2025-09-11,2025-09-11
2011-09-01,CPIMEDSL,402.202,2025-09-11,2025-09-11
2011-10-01,CPIMEDSL,404.068,2025-09-11,2025-09-11
2011-11-01,CPIMEDSL,405.751,2025-09-11,2025-09-11
2011-12-01,CPIMEDSL,407.23,2025-09-11,2025-09-11
2012-01-01,CPIMEDSL,408.394,2025-09-11,2025-09-11
2012-02-01,CPIMEDSL,408.89,2025-09-11,2025-09-11
2012-03-01,CPIMEDSL,410.257,2025-09-11,2025-09-11
2012-04-01,CPIMEDSL,411.475,2025-09-11,2025-09-11
2012-05-01,CPIMEDSL,412.864,2025-09-11,2025-09-11
2012-06-01,CPIMEDSL,415.289,2025-09-11,2025-09-11
2012-07-01,CPIMEDSL,417.004,2025-09-11,2025-09-11
2012-08-01,CPIMEDSL,417.555,2025-09-11,2025-09-11
2012-09-01,CPIMEDSL,418.453,2025-09-11,2025-09-11
2012-10-01,CPIMEDSL,419.07,2025-09-11,2025-09-11
2012-11-01,CPIMEDSL,419.509,2025-09-11,2025-09-11
2012-12-01,CPIMEDSL,420.321,2025-09-11,2025-09-11
2013-01-01,CPIMEDSL,421.114,2025-09-11,2025-09-11
2013-02-01,CPIMEDSL,421.601,2025-09-11,2025-09-11
2013-03-01,CPIMEDSL,423.089,2025-09-11,2025-09-11
2013-04-01,CPIMEDSL,423.025,2025-09-11,2025-09-11
2013-05-01,CPIMEDSL,422.316,2025-09-11,2025-09-11
2013-06-01,CPIMEDSL,424.286,2025-09-11,2025-09-11
2013-07-01,CPIMEDSL,425.008,2025-09-11,2025-09-11
2013-08-01,CPIMEDSL,427.168,2025-09-11,2025-09-11
2013-09-01,CPIMEDSL,428.29,2025-09-11,2025-09-11
2013-10-01,CPIMEDSL,428.586,2025-09-11,2025-09-11
2013-11-01,CPIMEDSL,428.485,2025-09-11,2025-09-11
2013-12-01,CPIMEDSL,428.622,2025-09-11,2025-09-11
2014-01-01,CPIMEDSL,429.989,2025-09-11,2025-09-11
2014-02-01,CPIMEDSL,431.137,2025-09-11,2025-09-11
2014-03-01,CPIMEDSL,432.211,2025-09-11,2025-09-11
2014-04-01,CPIMEDSL,433.26,2025-09-11,2025-09-11
2014-05-01,CPIMEDSL,434.262,2025-09-11,2025-09-11
2014-06-01,CPIMEDSL,435.187,2025-09-11,2025-09-11
2014-07-01,CPIMEDSL,435.864,2025-09-11,2025-09-11
2014-08-01,CPIMEDSL,436.041,2025-09-11,2025-09-11
2014-09-01,CPIMEDSL,437.091,2025-09-11,2025-09-11
2014-10-01,CPIMEDSL,437.758,2025-09-11,2025-09-11
2014-11-01,CPIMEDSL,439.408,2025-09-11,2025-09-11
2014-12-01,CPIMEDSL,441.464,2025-09-11,2025-09-11
2015-01-01,CPIMEDSL,441.351,2025-09-11,2025-09-11
2015-02-01,CPIMEDSL,441.101,2025-09-11,2025-09-11
2015-03-01,CPIMEDSL,442.943,2025-09-11,2025-09-11
2015-04-01,CPIMEDSL,445.822,2025-09-11,2025-09-11
2015-05-01,CPIMEDSL,446.743,2025-09-11,2025-09-11
2015-06-01,CPIMEDSL,446.33,2025-09-11,2025-09-11
2015-07-01,CPIMEDSL,446.953,2025-09-11,2025-09-11
2015-08-01,CPIMEDSL,446.612,2025-09-11,2025-09-11
2015-09-01,CPIMEDSL,447.648,2025-09-11,2025-09-11
2015-10-01,CPIMEDSL,450.681,2025-09-11,2025-09-11
2015-11-01,CPIMEDSL,452.225,2025-09-11,2025-09-11
2015-12-01,CPIMEDSL,452.732,2025-09-11,2025-09-11
2016-01-01,CPIMEDSL,454.194,2025-09-11,2025-09-11
2016-02-01,CPIMEDSL,456.922,2025-09-11,2025-09-11
2016-03-01,CPIMEDSL,457.723,2025-09-11,2025-09-11
2016-04-01,CPIMEDSL,459.245,2025-09-11,2025-09-11
2016-05-01,CPIMEDSL,460.487,2025-09-11,2025-09-11
2016-06-01,CPIMEDSL,462.09,2025-09-11,2025-09-11
2016-07-01,CPIMEDSL,464.439,2025-09-11,2025-09-11
2016-08-01,CPIMEDSL,469.02,2025-09-11,2025-09-11
2016-09-01,CPIMEDSL,469.816,2025-09-11,2025-09-11
2016-10-01,CPIMEDSL,469.749,2025-09-11,2025-09-11
2016-11-01,CPIMEDSL,469.914,2025-09-11,2025-09-11
2016-12-01,CPIMEDSL,470.539,2025-09-11,2025-09-11
2017-01-01,CPIMEDSL,471.484,2025-09-11,2025-09-11
2017-02-01,CPIMEDSL,473.139,2025-09-11,2025-09-11
2017-03-01,CPIMEDSL,473.685,2025-09-11,2025-09-11
2017-04-01,CPIMEDSL,473.007,2025-09-11,2025-09-11
2017-05-01,CPIMEDSL,472.981,2025-09-11,2025-09-11
2017-06-01,CPIMEDSL,474.492,2025-09-11,2025-09-11
2017-07-01,CPIMEDSL,476.279,2025-09-11,2025-09-11
2017-08-01,CPIMEDSL,477.199,2025-09-11,2025-09-11
2017-09-01,CPIMEDSL,477.19,2025-09-11,2025-09-11
2017-10-01,CPIMEDSL,477.671,2025-09-11,2025-09-11
2017-11-01,CPIMEDSL,477.791,2025-09-11,2025-09-11
2017-12-01,CPIMEDSL,478.891,2025-09-11,2025-09-11
2018-01-01,CPIMEDSL,480.797,2025-09-11,2025-09-11
2018-02-01,CPIMEDSL,481.6,2025-09-11,2025-09-11
2018-03-01,CPIMEDSL,483.078,2025-09-11,2025-09-11
2018-04-01,CPIMEDSL,483.577,2025-09-11,2025-09-11
2018-05-01,CPIMEDSL,484.543,2025-09-11,2025-09-11
2018-06-01,CPIMEDSL,486.209,2025-09-11,2025-09-11
2018-07-01,CPIMEDSL,485.246,2025-09-11,2025-09-11
2018-08-01,CPIMEDSL,484.273,2025-09-11,2025-09-11
2018-09-01,CPIMEDSL,485.039,2025-09-11,2025-09-11
2018-10-01,CPIMEDSL,485.652,2025-09-11,2025-09-11
2018-11-01,CPIMEDSL,487.615,2025-09-11,2025-09-11
2018-12-01,CPIMEDSL,488.82,2025-09-11,2025-09-11
2019-01-01,CPIMEDSL,489.968,2025-09-11,2025-09-11
2019-02-01,CPIMEDSL,490.16,2025-09-11,2025-09-11
2019-03-01,CPIMEDSL,491.412,2025-09-11,2025-09-11
2019-04-01,CPIMEDSL,492.97,2025-09-11,2025-09-11
2019-05-01,CPIMEDSL,494.859,2025-09-11,2025-09-11
2019-06-01,CPIMEDSL,495.745,2025-09-11,2025-09-11
2019-07-01,CPIMEDSL,497.714,2025-09-11,2025-09-11
2019-08-01,CPIMEDSL,500.662,2025-09-11,2025-09-11
2019-09-01,CPIMEDSL,501.71,2025-09-11,2025-09-11
2019-10-01,CPIMEDSL,506.433,2025-09-11,2025-09-11
2019-11-01,CPIMEDSL,508.315,2025-09-11,2025-09-11
2019-12-01,CPIMEDSL,510.875,2025-09-11,2025-09-11
2020-01-01,CPIMEDSL,511.854,2025-09-11,2025-09-11
2020-02-01,CPIMEDSL,512.967,2025-09-11,2025-09-11
2020-03-01,CPIMEDSL,514.743,2025-09-11,2025-09-11
2020-04-01,CPIMEDSL,516.77,2025-09-11,2025-09-11
2020-05-01,CPIMEDSL,519.152,2025-09-11,2025-09-11
2020-06-01,CPIMEDSL,520.867,2025-09-11,2025-09-11
2020-07-01,CPIMEDSL,522.675,2025-09-11,2025-09-11
2020-08-01,CPIMEDSL,522.922,2025-09-11,2025-09-11
2020-09-01,CPIMEDSL,522.947,2025-09-11,2025-09-11
2020-10-01,CPIMEDSL,520.943,2025-09-11,2025-09-11
2020-11-01,CPIMEDSL,520.567,2025-09-11,2025-09-11
2020-12-01,CPIMEDSL,519.866,2025-09-11,2025-09-11
2021-01-01,CPIMEDSL,521.774,2025-09-11,2025-09-11
2021-02-01,CPIMEDSL,523.455,2025-09-11,2025-09-11
2021-03-01,CPIMEDSL,523.943,2025-09-11,2025-09-11
2021-04-01,CPIMEDSL,524.39,2025-09-11,2025-09-11
2021-05-01,CPIMEDSL,523.935,2025-09-11,2025-09-11
2021-06-01,CPIMEDSL,523.117,2025-09-11,2025-09-11
2021-07-01,CPIMEDSL,524.376,2025-09-11,2025-09-11
2021-08-01,CPIMEDSL,524.785,2025-09-11,2025-09-11
2021-09-01,CPIMEDSL,525.098,2025-09-11,2025-09-11
2021-10-01,CPIMEDSL,527.688,2025-09-11,2025-09-11
2021-11-01,CPIMEDSL,529.529,2025-09-11,2025-09-11
2021-12-01,CPIMEDSL,531.041,2025-09-11,2025-09-11
2022-01-01,CPIMEDSL,534.649,2025-09-11,2025-09-11
2022-02-01,CPIMEDSL,536.283,2025-09-11,2025-09-11
2022-03-01,CPIMEDSL,538.973,2025-09-11,2025-09-11
2022-04-01,CPIMEDSL,541.35,2025-09-11,2025-09-11
2022-05-01,CPIMEDSL,543.521,2025-09-11,2025-09-11
2022-06-01,CPIMEDSL,546.84,2025-09-11,2025-09-11
2022-07-01,CPIMEDSL,549.967,2025-09-11,2025-09-11
2022-08-01,CPIMEDSL,553.036,2025-09-11,2025-09-11
2022-09-01,CPIMEDSL,556.558,2025-09-11,2025-09-11
2022-10-01,CPIMEDSL,554.071,2025-09-11,2025-09-11
2022-11-01,CPIMEDSL,551.402,2025-09-11,2025-09-11
2022-12-01,CPIMEDSL,551.943,2025-09-11,2025-09-11
2023-01-01,CPIMEDSL,550.887,2025-09-11,2025-09-11
2023-02-01,CPIMEDSL,548.946,2025-09-11,2025-09-11
2023-03-01,CPIMEDSL,547.054,2025-09-11,2025-09-11
2023-04-01,CPIMEDSL,547.039,2025-09-11,2025-09-11
2023-05-01,CPIMEDSL,547.452,2025-09-11,2025-09-11
2023-06-01,CPIMEDSL,547.487,2025-09-11,2025-09-11
2023-07-01,CPIMEDSL,547.356,2025-09-11,2025-09-11
2023-08-01,CPIMEDSL,547.848,2025-09-11,2025-09-11
2023-09-01,CPIMEDSL,548.636,2025-09-11,2025-09-11
2023-10-01,CPIMEDSL,549.746,2025-09-11,2025-09-11
2023-11-01,CPIMEDSL,552.23,2025-09-11,2025-09-11
2023-12-01,CPIMEDSL,554.294,2025-09-11,2025-09-11
2024-01-01,CPIMEDSL,556.567,2025-09-11,2025-09-11
2024-02-01,CPIMEDSL,556.727,2025-09-11,2025-09-11
2024-03-01,CPIMEDSL,559.182,2025-09-11,2025-09-11
2024-04-01,CPIMEDSL,561.416,2025-09-11,2025-09-11
2024-05-01,CPIMEDSL,564.235,2025-09-11,2025-09-11
2024-06-01,CPIMEDSL,565.299,2025-09-11,2025-09-11
2024-07-01,CPIMEDSL,564.919,2025-09-11,2025-09-11
2024-08-01,CPIMEDSL,564.364,2025-09-11,2025-09-11
2024-09-01,CPIMEDSL,566.497,2025-09-11,2025-09-11
2024-10-01,CPIMEDSL,567.835,2025-09-11,2025-09-11
2024-11-01,CPIMEDSL,569.16,2025-09-11,2025-09-11
2024-12-01,CPIMEDSL,569.902,2025-09-11,2025-09-11
2025-01-01,CPIMEDSL,571.234,2025-09-11,2025-09-11
2025-02-01,CPIMEDSL,572.797,2025-09-11,2025-09-11
2025-03-01,CPIMEDSL,573.966,2025-09-11,2025-09-11
2025-04-01,CPIMEDSL,576.785,2025-09-11,2025-09-11
2025-05-01,CPIMEDSL,578.236,2025-09-11,2025-09-11
2025-06-01,CPIMEDSL,580.978,2025-09-11,2025-09-11
2025-07-01,CPIMEDSL,584.77,2025-09-11,2025-09-11
2025-08-01,CPIMEDSL,583.832,2025-09-11,2025-09-11
